rgn_id,year,value
1,2013,0.55687483917468
2,2013,0.55687483917468
3,2013,0.55687483917468
4,2013,0.55687483917468
5,2013,0.55687483917468
6,2013,0.55687483917468
7,2013,0.55687483917468
