rgn_id,value
1,0.491138401207944
2,0.491138401207944
3,0.491138401207944
4,0.491138401207944
5,0.491138401207944
6,0.491138401207944
7,0.491138401207944
