rgn_id,value
1,0.55687483917468
2,0.55687483917468
3,0.55687483917468
4,0.55687483917468
5,0.55687483917468
6,0.55687483917468
7,0.55687483917468
