rgn_id,resilience.score
1,0.54545454545
2,0.54545454545
3,0.54545454545
4,0.54545454545
5,0.54545454545
6,0.54545454545
7,0.54545454545
