rgn_id,resilience.score
1,0.124697362183
2,0.124697362183
3,0.124697362183
4,0.124697362183
5,0.124697362183
6,0.124697362183
7,0.124697362183
