rgn_id,year,pressure_score
1,2015,0.597706050335823
2,2015,0.597706050335823
3,2015,0.597706050335823
4,2015,0.597706050335823
5,2015,0.597706050335823
6,2015,0.597706050335823
7,2015,0.597706050335823
