rgn_id,pressures.score
1,0.0611479521418037
2,0.0611479521418037
3,0.0611479521418037
4,0.0611479521418037
5,0.0611479521418037
6,0.0611479521418037
7,0.0611479521418037
