rgn_id,score
1,-0.0178542804473024
2,-0.0178542804473024
3,-0.0178542804473024
4,-0.0178542804473024
5,-0.0178542804473024
6,-0.0178542804473024
7,-0.0178542804473024
